user_account,days_over_50_tweets,days_hour_ge_6_tweets,total_days_over_limit
$DJT (stock)🇺🇸 🚀,0,1,1
$Omar,0,1,1
$UFD LoVeR,0,1,1
$undefined,0,1,1
-᱾𝗅‖⎼🪐⸺🪐⎼‖𝗅᱾-,0,1,1
007cryptoqueen,2,20,22
007kic,0,1,1
00Web3Guy,0,1,1
083.BitcoinBoss,0,1,1
0Philjones,2,3,5
0Philjons,3,5,8
0f23eaf2558d414,0,1,1
0x3Kenzo,0,1,1
0xArtikal,0,1,1
0xCreed_,0,1,1
0xCroakie,0,1,1
0xCryptoVed,0,1,1
0xDecision,0,2,2
0xDepressionn,0,1,1
0xFinish,0,1,1
0xH3R0,0,1,1
0xImmortal_,0,1,1
0xNonceSense,0,1,1
0xPepesso,0,1,1
0xRekt,0,1,1
0xRevengeFlick,0,1,1
0xSpartacus__,0,1,1
0xWhiisper,0,1,1
0x_gremlin,0,1,1
0x_tonic,0,1,1
0xdantex,0,1,1
0xfiredintern,0,1,1
0xhabibidubai,0,1,1
0xnisya,0,1,1
2028cryptobull,0,1,1
3Stocksaday,0,1,1
40SevenSavage,0,1,1
420bites,0,1,1
44percenter,0,1,1
50kweek_frntrn,0,1,1
57_Win,0,1,1
5ai_smokegrass,0,1,1
7sup8brew,0,1,1
805jh1,0,1,1
@cryptadamist.universeodon.com.ap.brid.gy,0,1,1
A.Rahman H5,0,1,1
ADVIK_SIGNALS,0,2,2
AFVRO25,0,1,1
AICuriousity,0,1,1
ALICEterminal,0,1,1
ALPHA_GH0ST7,2,3,5
APEX_FUTURE1,0,1,1
ASTOfficial,0,1,1
AVGuy9,0,1,1
AY,0,1,1
AangTheAce,0,1,1
Abc925681695929,0,1,1
Abdul Saboor,0,1,1
Abijml,0,1,1
AdamSmi50430462,0,1,1
AdamoTesting,0,1,1
AdiugriP,0,1,1
AhmedSa53487929,0,1,1
AhsanArshad0007,0,1,1
Airdrop Updates,0,2,2
Albanian Trump Coin,0,1,1
Alexandra99959,0,1,1
AlexwilliamsQz6,0,1,1
Ali Umair,0,1,1
AllOfAlpha,0,1,1
AllajuneCrypto,0,4,4
Alpha Signals,0,1,1
Alpha Whales,0,2,2
AlphaMentality,0,1,1
AltcoinMage,1,1,2
AltcoinPsycho,0,1,1
Alva,0,2,2
AlyaAlFahadHQ,0,3,3
Andrew_1Blake,0,3,3
Angel_MichaelAI,0,1,1
Angelo_jonz,0,1,1
Angelojazs,0,2,2
Anna Roberts,0,1,1
AnnieTyzak,0,1,1
AntStith,0,1,1
Anthony Miller,0,1,1
Anthony Sekizkardes,0,2,2
Ape Kid🍌,0,3,3
Ape n Cult,0,1,1
ApeKideth,1,3,4
ArabmemeCaller,0,1,1
Arden Whistler,1,3,4
ArdenWhistler,0,2,2
Arsalan,0,1,1
ArtZofu,0,3,3
Asad Ullah,0,1,1
Ashkana A K,1,2,3
Aslam,0,1,1
Asm,0,1,1
AudioOfff,0,1,1
AugustKrypt,0,1,1
Auhffkq1001,0,1,1
BBC__SAM,0,1,1
BDigitalMe,0,1,1
BENLOG001 ON TELEGRAM,0,1,1
BEN_CRYPTOQ,1,5,6
BMs,0,8,8
BORIS1846693049,0,1,1
BOUNCE2_DON,0,1,1
BRFASHION10,0,1,1
BRNZ_ai,1,1,2
Bagholder,0,1,1
BagwisSteve,0,1,1
Barakkat,0,1,1
BarterBlex,0,1,1
Bastuush,0,1,1
Beatitude Obiakor,0,1,1
Beebs_jr6,0,1,1
Bellalpz 🔔🎁,0,1,1
Ben 🍀,0,1,1
BenGrahamInvest,0,1,1
Ben_crypto0147,0,1,1
Ben_mikey9,1,4,5
Bentley_Nero,1,3,4
BerkshireMeats,0,1,1
BibiLordChikn,0,1,1
Bilpcoinbpc,0,1,1
Biswas shouvo,1,7,8
BiswasMisi46249,0,1,1
BitByte,0,1,1
BitMoolahBabe,0,1,1
BitcoinRichClub,0,1,1
Bmendo,0,1,1
BoB The Developer💻,0,1,1
BobMitch01,0,1,1
BolaniLorena,0,1,1
BonkShitpostAI,0,1,1
Boostmetax,0,1,1
BossCrypto1776,0,1,1
Bossco,0,1,1
BottomFeeedr,0,1,1
BrandLucas15,0,1,1
BreakTheM8trix,0,1,1
Bruce_derric,0,1,1
Bubblemaps,0,1,1
BulletAiAgent,1,1,2
BullishOnBullFi,0,1,1
CANDYMAN,0,5,5
CC77722,0,1,1
CCKillersVIP,0,2,2
CD Capital Management,0,9,9
CDCapMan,0,2,2
CEXPump,0,1,1
COVEY ROB,0,1,1
CREDIBULL01,0,1,1
CREDIBULL🐂 CRYPTO📉📊 ~ COMMUNITY,0,6,6
CREWcrew,0,1,1
CRYPTO RECOVERY EXPERTS,0,2,2
CRYPTO77210,0,1,1
CRYPTO_BONAZ,0,14,14
CRYPTO_GLOBAL10,0,2,2
CR_SHmy,0,1,1
CSignalsVip,0,1,1
Captain America First,21,32,53
CardoDa22792557,0,1,1
Carlo10309,0,1,1
Cash_Lam1,0,2,2
CbiMul,0,2,2
Cecil,0,1,1
Ch Shani Ali 阿里,0,2,2
ChadBORD,0,2,2
Chairman_DN,0,1,1
Chalupandey07,0,1,1
ChannelHht,0,1,1
Charix,0,1,1
Charles,0,1,1
Charlotte_muott,0,3,3
ChicagoCatwoman,0,1,1
Chidexs,0,1,1
Choco Manteo,0,1,1
ChrIs_lgtech,0,3,3
Chris Bob,0,1,1
ChrisyFrmBLOCKS,0,1,1
Cndnewsfeed,1,20,21
Coalitionbtc,0,1,1
Coceadowss,1,2,3
Code Wayne,0,1,1
Coin Smithery,0,1,1
Coin captain,0,5,5
CoinCrusader187,0,1,1
CoinInDesk,0,1,1
CoinNiel,0,1,1
Coinical,0,1,1
ConfuseSoul2,0,1,1
CookMasterAgent,0,1,1
CorX,1,10,11
CorX2025,0,40,40
Corey_On_X,0,1,1
Corgil_,0,1,1
Cripto Alerts,0,2,2
Crown Fusion,0,1,1
Cry_ptosurff,0,1,1
Crypropeter,0,1,1
CryptOpus,0,1,1
Crypto Marketer📈,3,29,32
Crypto Nuclear,0,18,18
Crypto Signals CCK,0,4,4
Crypto Signals Hub,0,1,1
Crypto Trader📈,2,19,21
Crypto Yeti,0,1,1
Crypto-Johnson,4,14,18
Crypto-Trading📊,1,5,6
Crypto912945,0,2,2
CryptoA80512,0,1,1
CryptoAnu_,0,1,1
CryptoBell0,0,1,1
CryptoBenjaam,0,1,1
CryptoChainDEX,0,1,1
CryptoCove4,0,1,1
CryptoFrankkie,0,1,1
CryptoHive,0,1,1
CryptoISFreedom,0,1,1
CryptoInChair,1,2,3
CryptoJean87768,0,1,1
CryptoLowski,0,1,1
CryptoMD77,0,1,1
CryptoMemeXT,0,1,1
CryptoOlivia147,0,1,1
Crypto_Adam77,0,1,1
Crypto_Girl,0,1,1
Crypto_Gremlin7,0,1,1
Cryptogen901,0,1,1
Cryptogeorge_2,0,1,1
Cryptoholicboy.eth,0,2,2
Cryptoleague01,0,1,1
Cryptomikey007,0,1,1
CryptosTool,1,1,2
Cryptowithankit,0,1,1
Cryptzzyy,0,1,1
Cryto Jesus,0,1,1
Cupseyy,0,1,1
Cxv-77,0,1,1
Cyrtoshi,0,1,1
Czwhale__,0,1,1
D (sans arc),0,1,1
D0tSama,0,1,1
DCAlphaOfficial,0,1,1
DCT_247,0,1,1
DGtradeer,0,1,1
DGwinny,0,1,1
DJM09068876,0,1,1
DWeb3Dictionary,0,1,1
DaddyWood,0,1,1
Dak,0,2,2
DakTronic44,0,1,1
Damián Roman,0,2,2
DanielPradofx0,0,5,5
DanoCrypto904,0,1,1
DarkZuckerberg0,0,1,1
Dave Johnson,0,1,1
David_kratzer2,0,7,7
Davidd1003,0,1,1
Davies ⬆️,0,1,1
DeFiDecoded97,0,1,1
Deejay_Litmus,0,1,1
DefiJen,0,1,1
DefiTokyo,0,1,1
Defi_FinChain,0,1,1
DefiyantlyFree,0,1,1
DeganThrills,0,1,1
DegenTraderr,0,1,1
Dello_LTU,0,1,1
DeplorableMan21,0,1,1
Dereck1549,0,2,2
Destinycrypto11,0,1,1
DevaaKasi,0,1,1
DevonCrystalNFT,0,1,1
Dinesh kumar umapathy,0,1,1
DittrichEl12242,0,2,2
Dobby_Coin,0,1,1
DogNumeroUno,1,1,2
Doge coin 🪙 👌,0,1,1
Domina0xx,0,1,1
Donald pump,0,1,1
DownOnly,0,1,1
Dr RD,0,1,1
DrCrypto_Alpha,0,1,1
DrJimCash,0,1,1
Dr_jonesv0,0,1,1
Dream,0,1,1
Drjonesv0,0,1,1
DuhRealGus,0,1,1
Dwbuck84,0,1,1
DwightPirate,0,1,1
E2badru,0,1,1
EFFOiUS,0,1,1
ELISMANUELl2,0,1,1
ETH_Bosss,0,1,1
EddieT209,0,1,1
EddyMetaX,0,1,1
Edward,0,1,1
EdwinMelonie,0,1,1
Eizypips,0,1,1
ElMafiosoCrypto,0,1,1
ElecTrump,0,1,1
EliasArizaJr13,0,1,1
EllaFlynns,0,1,1
EmmacryptoD,0,1,1
Emmanuel,0,1,1
Eri,0,7,7
ErisaArt,0,3,3
ErleaFolant,0,3,3
Escape_protocol,1,2,3
EstragonWW1,0,1,1
Ethan_Brad512,0,1,1
Evil Frieza,0,3,3
FCK Trump Coin,0,1,1
FUTURE ☀️🔥👑 | Trading & Investment Hub,0,2,2
FabdGPro,2,4,6
FameEX GLOBAL,0,11,11
FameEXGlobal,0,5,5
Famous_sft,0,2,2
Fatima5677651,0,1,1
Fetti Flow,2,2,4
FiatArmyy,0,1,1
FiatHawk,0,1,1
FireBrightX,0,1,1
FireSaleBull,0,1,1
Fizler,0,1,1
Flight Crypto✈️,0,1,1
Flyin Fella,0,1,1
Flyt Bears,0,1,1
Fola_gbadee,0,1,1
ForexMr_,0,2,2
ForkedMemeDept,0,1,1
Frances Yue,0,1,1
Frank60890,0,1,1
Frank_Alwin320,0,4,4
FranklinX1,0,1,1
FrankyDaPlunger,0,1,1
FredMeye207,0,3,3
Frei_Denker,0,1,1
Freistyle_Bali,0,1,1
Fresh,0,1,1
FubitOfficial,0,1,1
FutureTalk_app,1,1,2
Future_expart2,0,4,4
GAnon89928,0,1,1
GBrosPro,1,3,4
GEM HUNTER 💎,0,1,1
GEnergman11119,0,2,2
GME FAN 🎮🛑 SOLANA,0,1,1
GOLD DIGGER,0,3,3
GOLD_TRADER322,0,1,1
GPROtrading,1,3,4
GRACEY418,0,1,1
Ga_spark1,0,1,1
GabeHorn,0,1,1
GabemetaX,0,1,1
Gabriel_Ant234,0,1,1
GalleonCrypto,0,1,1
GarvMeta,0,1,1
GeekJohn,0,1,1
GemsAristocrat,0,1,1
Gemz 🦄💨✨,0,3,3
GenesisJames015,0,1,1
George833289865,0,1,1
George_edward_1,0,1,1
GetTrumpmemec,0,1,1
Gio,0,2,2
Giocotero,0,3,3
Giottus Crypto Exchange,0,1,1
"GoFUNmeme CASINO (Raffles, Lottery, Win!)",0,1,1
GoViewxyz,0,1,1
Godly Me,0,1,1
Golden,0,1,1
GoodDogOnX,0,1,1
Goodluck464992,0,4,4
Goodwhills Stock,0,1,1
GooseSpeaks,0,1,1
GotInstrumental,0,1,1
GproTrad,1,3,4
GprosTrades,1,3,4
Grazi,0,1,1
Gregory Brinkley,0,1,1
Grok,0,1,1
Gung Ho,0,1,1
Guru_FX_1,0,1,1
GwagonPulse666,0,1,1
HCR_BOT,0,1,1
HabsConnoiseurCH,0,1,1
Happy,0,1,1
Harper Taylor,0,1,1
Heji,0,1,1
Hercules Rockefeller |$btrump,0,2,2
HiKARUD_FXXK,0,4,4
Himel_bitcoin_crypto,0,2,2
HodlHero,0,1,1
Hoffman_581,1,11,12
HokageOfCrypto,0,1,1
Holmes1618,1,1,2
Holo Trump,0,1,1
Horton_A7,1,16,17
HoverBrothers,0,6,6
HugsInspired,0,1,1
HustlerPanther,0,1,1
HypeMasterFlex,0,1,1
ITBL,0,1,1
IamMassey,0,1,1
Ibragimov_0813,0,1,1
Iconic Trade’s.,0,4,4
IfeYanju,0,1,1
ImBoris334441,0,1,1
Isaac_Burgees,0,2,2
Itachi,0,1,1
ItsEshOnX,0,1,1
Izaacrivers654,0,1,1
Izzy201120,0,1,1
J4UP,0,1,1
JEFF_CRYPTO_11,0,2,2
JHerbo,0,1,1
JUP(RI)🇲🇨 | AuroryAI,0,1,1
JWick36889,0,1,1
Jack_Green0,0,1,1
Jackson_futures,0,2,2
Jadenbenll,2,5,7
JaishSingh33,0,1,1
JakeGagain,0,1,1
Jameel Rehman,0,1,1
James1Bennett,0,3,3
James_1futures,0,5,5
James_Melville5,0,1,1
James_jacksons,0,8,8
Jeff84171996210,0,1,1
JeffDeCola,0,1,1
JephterOnu5129,0,1,1
JerryTommy34417,0,1,1
Jill,0,5,5
Jill_NFT22,1,3,4
JimboFishmen,0,1,1
Jingo Strange,0,1,1
JoeTrader,0,8,8
John,0,1,1
John Mulloy,0,1,1
Johnny Nitro,0,1,1
JohnnyCrypto77,0,1,1
Johnson_Jackso,0,1,1
Johnson_son1,0,7,7
Jokerdoteth,0,1,1
"Josh ""The Peanut Butter Kid"" Grove",0,1,1
JourneyFernando,0,1,1
Juan_sanchez13,0,3,3
JulieOnX24,0,1,1
Jummy230,0,1,1
KASHMIRNATIVE,0,1,1
KIKI_no_Jayd(ﾐ◕ᴥ◕ﾐ𝒦𝒾𝒦𝒾~*,0,1,1
KIKI_no_PK (ﾐ◕ᴥ◕ﾐ𝒦𝒾𝒦𝒾~*,0,1,1
KIKKO60988160,0,1,1
KORROOFTOPARODY,0,1,1
KRAIN ARMY,0,1,1
"Kamal KGEN (Ø,G) .cast",0,1,1
KarlFarrugia19,0,2,2
KarrarDotOrg,0,1,1
KekiusAIgentbot,0,1,1
Ken__Lincoln,0,1,1
KeremTosun999,0,3,3
KhanMuhammadf,0,1,1
King Dave,0,1,1
KingSolNFTs1,0,1,1
KobeissiLetter,0,1,1
Korede4212,0,1,1
Krypto_Fire,0,1,1
Kucoin Astronaut🚀,0,1,1
L3KSVL,0,1,1
LAYLEGEND,0,1,1
LAYLEGENDARY,0,2,2
LEGIT_FIXEDS1,0,1,1
LENGENDARY,0,1,1
LL,0,1,1
LOUDMOUTH_ETH,0,1,1
Lakes Pepe,0,1,1
Lakeslakes11,0,1,1
Larone369,0,1,1
Lavrov,0,1,1
Legend4831,0,1,1
Leo01470,0,2,2
Leviathan,0,1,1
Lewis_marcote,2,3,5
Lewisholdr,0,3,3
Lewis🔶,0,4,4
LiberalMilei27,0,1,1
LiljayhCrypt,0,1,1
Limbosan.,0,1,1
Linda Rose,0,1,1
LindaRose187302,0,7,7
Lion of Wallstreet,0,1,1
Lisa1139778,1,4,5
LiteMetaX,0,1,1
Little 'X',0,1,1
LittleTrumpCoin,1,3,4
LlamaDohBroMan,0,1,1
LoneWolfCryp,0,1,1
LowCapB,0,1,1
Lucas1,0,2,2
Lucas_J30,0,3,3
LuckkyyyyyyRaz,0,1,1
LudisCharta,0,1,1
Luis Roberto Täler,0,1,1
Luna Launch {R❤N},0,1,1
LuoJiemi4888212,0,1,1
Luphiwe282209,0,1,1
M K,0,2,2
M Mujahid,0,1,1
M-Trades,0,10,10
M0NEYG0TL0NGER,0,1,1
MAGA1hat,0,1,1
MAXWEB01 🔗ON TELEGRAM 🏆,0,1,1
MAXX_FUTURE,0,1,1
MOVIE_PACKAGE,0,1,1
MOYIN,0,1,1
MR BOB COIN PRESALE,2,17,19
MR1UP,0,1,1
MTrades8,0,9,9
MWazak98,0,1,1
Mackewich,0,1,1
Made in America $MIA,0,1,1
MadisonsarahFx,1,2,3
MagaTrumpBase,0,2,2
MaideN,0,1,1
Malarke_Roll,0,5,5
Malya_Ku,1,1,2
Mamun Moral,0,8,8
MandoNevarro,0,1,1
ManuelZQ9,1,6,7
MarSnax,0,1,1
Marc Frischhertz,0,1,1
MarisaJack7,0,2,2
Mark Landis,0,1,1
MarkETHreal,0,1,1
MarkL759,0,1,1
MarkQuarter,0,2,2
Market Prophit,1,1,2
MarketProphit,1,1,2
MartinSzreter,0,1,1
Masako,0,1,1
MasterMiindClub,0,1,1
Mastery elite,0,7,7
Mateo,0,1,1
MaxiPotentialUS,0,1,1
Maximus Profiticus,0,1,1
MayorDelMar,0,1,1
MazeMetaX,0,1,1
MegaWhaleXBT,0,4,4
Meme Coin Callerz,0,1,1
Meme Isso,0,1,1
MemeMarket,0,1,1
MemecoinGrinch,1,2,3
MeowMetaX,0,1,1
Mfer The Gays,0,1,1
Michael🤑,0,1,1
Micheal Noah,0,1,1
MikeWorth_,0,1,1
Miracle00520774,0,1,1
Mishiuz,1,2,3
MissDCflowers,1,1,2
MissionGains,0,1,1
Mkzlive99,0,1,1
MojszeGoldberg,0,1,1
Momo,0,1,1
MoneyMinter98,0,1,1
Monica 🇺🇸,1,3,4
MonicaHepperman,3,5,8
Monitor_fi,0,1,1
MoonCallCorp,0,1,1
MortalGangnft,0,1,1
Mr Anonymous,0,1,1
MrMilad921,0,1,1
MrXsoon,0,1,1
MrsGutPortillo,0,1,1
MtroX207,0,3,3
Murad TRUMP FAN,0,1,1
MvpBatuk,0,1,1
MysticNietzsche,0,1,1
NFAR_ai,0,1,1
NG_Web3,0,1,1
Nate_Mandel,1,2,3
Natorious,0,1,1
Nayan Mondal,9,22,31
Nedmetax,0,1,1
Neha,0,1,1
Nerick,0,7,7
Nesson5,0,1,1
NguyenC21732207,0,1,1
NiggaItzDanny,0,1,1
NihilusBTC,0,1,1
Nikoliora,0,1,1
Nix,0,1,1
NkeirukaFa22852,0,1,1
Noah Midas,0,3,3
Nomadx444,0,1,1
Nooshbang,1,1,2
NormalGayPsych,0,1,1
NosyjaPeter,0,1,1
Not_Brex,0,1,1
NovaBEENreal,0,1,1
OA_Oluwafemi,0,2,2
OFFICIAL TRUMP COIN,0,4,4
OG SOLANA,1,1,2
OZZ13RL,0,1,1
Official Trump Card on $SOL,0,3,3
Official Trump acoin,0,1,1
OfficialTrumpOG,0,1,1
Oficial__odds,0,1,1
OgeColette,0,1,1
Olahh8,0,1,1
OluwaseunMi1014,0,2,2
Onlytrenchesboy,2,8,10
Onncuu,0,1,1
Outis,0,1,1
Oxygenra,0,1,1
P1PP3S40,0,1,1
PAY BACK CRYPTO RECOVERY EXPERTS,0,1,1
PRIME_GH0ST,0,2,2
PR_Trader_James,3,8,11
PandysPlace,0,2,2
Pascal Najadi (USSF),0,1,1
Patricia,0,1,1
PatrickHar63427,0,1,1
PatriotXVoice,0,1,1
Paul smith Johnson,0,1,1
PaulTran.ron,1,1,2
Pepe 💎 Crypto Bear Destroyer 💎,0,1,1
Phương Huệ – Giàu toàn diện,0,1,1
Pnuttrumpcoin,0,1,1
Pr3sidenteSol,0,1,1
Prince Eric,0,1,1
PrinceEvia62666,0,1,1
Prince_Cali_619,0,1,1
ProSquatch,2,5,7
ProUnitedStates,0,1,1
Pro_FredorSig,0,2,2
Profile_Update_,0,1,1
Profit Pulse,0,5,5
Pugmug09754,0,1,1
PumpAndTrDump,0,2,2
PutinsMoonmen,0,1,1
QBOT,0,1,1
QUOKKY,0,1,1
Qismah112754,0,1,1
QuinxResearcher,0,1,1
RANDY ALEX,0,1,1
RANDYBANKSSD,0,8,8
RAiHAN_MR16,0,1,1
RENEW YOUR FAITH,0,1,1
RICHeFLIX,0,1,1
ROSS,0,1,1
RVMmovement,0,1,1
RadenJawa22,0,1,1
Randomness51342,0,1,1
RandyFirst001,0,3,3
RandyOrton6h7,0,1,1
Randymarc0te,0,4,4
RapVault_,0,1,1
RaphKrypt,0,1,1
Ray_Brian4,0,1,1
ReZone162,0,1,1
Reaganfoster18,0,1,1
RealBatmane,0,1,1
RealJamesHing,0,1,1
RealtorStarShar,0,1,1
Rei,0,1,1
RektBigHustla,0,1,1
RektOverseer,2,2,4
Renata_Vine,0,2,2
Resist MEME,0,1,1
Rev_25,0,1,1
Richarlison_c,1,2,3
RicherVito,0,1,1
Richie Bravo,0,1,1
Rid how,0,1,1
Ridhow21,1,2,3
Robert Khushi,0,1,1
Rocket Leader,0,1,1
Rodney,0,1,1
RolfecryptoSig,0,3,3
RothschilDotSol,0,2,2
Royshark.eth,0,1,1
RussCIA_111,0,1,1
Russell71547413,0,1,1
Rutvik4c,0,1,1
Ryan Martin,0,1,1
SAG3.ai,0,1,1
SAGARPACIFIC,0,1,1
SKYWatcher,0,3,3
SMBlockchainBRO,0,1,1
SMike10,1,7,8
SOPHIA_D0NNA,0,1,1
SRTMETAX,0,1,1
STEVE BENSON,0,2,2
SUHAYB_BTC,0,2,2
Saad_Jamil_B,0,1,1
Sabra Margalin,0,1,1
Sajib Hasan Jihad,1,1,2
Salvia Ortega,0,1,1
Samantha,0,1,1
Sanctus_crypto,0,1,1
Sandra B. McKeown,0,2,2
Sandral_le,0,1,1
Sar746980041,0,1,1
Sara Nguyen,0,1,1
SarkarShuvo5,0,1,1
SatoshiStormX,0,1,1
Savkar08,0,1,1
Schmunzel,0,1,1
ScriptUrSuccess,0,1,1
Sendria Kavin,0,1,1
SeoinZen,0,1,1
Serah Joel,0,1,1
Shaban,0,1,1
Shadow36Rugs,0,1,1
Shahzad Naseer,0,1,1
Sham_Gawd_,0,1,1
Shib_Army90,0,1,1
Shieldmetax,0,1,1
Shigeo808,0,1,1
Shogun Saski,0,1,1
ShopRnc,0,1,1
ShyMuslimGirl,0,1,1
SimonS559,0,1,1
Simonwarick438,0,1,1
SirCaseyOfDelco,0,1,1
Skoufoxy_,0,1,1
Skynet_insights,0,1,1
SmCrypto_bro,0,1,1
SmallCapBob2,0,1,1
Smithjeffersson,0,1,1
Smokeed_sauce,0,1,1
Sneakers1012,0,1,1
So-called Dave,0,1,1
Solana Phoenix,0,2,2
Solana Whale Alerts,0,1,1
Solarhash_UNVRS,0,1,1
SolidCryptoX,0,1,1
Sophia Davis,0,1,1
Souleyman Tapsoba,0,1,1
SpeederT63207,0,1,1
SpiderCrypto0x,0,1,1
SportsOnPLS,0,1,1
SpotCoinTrading,0,3,3
Sr Peters,0,1,1
Stacy901091,0,1,1
Staite,0,1,1
Star_Galie,0,1,1
Startup_Savvy 📊,0,1,1
SteveT1997,0,1,1
Steven Gilland,0,1,1
StocksTwon14605,0,1,1
StrausserChris,0,1,1
StubbBrian,0,1,1
Super_Degen1,0,1,1
Surfingtrumpcoin - SOLANA $STC,0,1,1
Susie Bradford🪷,0,1,1
SwampFox,0,1,1
SwansonTrading,0,1,1
SwissGenevaBit,0,5,5
Synapse,0,1,1
T0mmyDeFi,0,1,1
T@@$h!,0,7,7
TBucksSolana,0,1,1
TGproCrypto,0,1,1
THADDEUSKAL,0,1,1
THEFAXSPITTA,0,1,1
THEQUEENSANJUAN,0,3,3
THERANDO__GUY,0,1,1
THP,0,1,1
THΞGABO🍌,1,6,7
TOTORO,0,1,1
TRADER ALEX ⭐️,0,1,1
TRMP Universe 🇺🇲 🦅,0,1,1
TRUMP COIN,0,1,1
TRUMP COIN ✴️,0,2,2
TSalvestroni,0,1,1
Take Profit Trader!,0,1,1
Taofeek2_QBX,0,2,2
TapCat_,0,1,1
Taylor,0,1,1
Taylorj0402,1,19,20
TechLeviathan,0,1,1
TejasPanchall,0,1,1
TerriMccarter4,2,2,4
TerryDavis,0,1,1
TgProze,0,2,2
The Crypto Fool,0,1,1
The King MeMidas,0,2,2
The SIGMA Trader,0,1,1
The Tradesman,0,9,9
TheBoyDen1,0,1,1
TheCoinFlippers,0,1,1
TheCryptoCab,0,1,1
TheIdentifies,1,1,2
TheKingMeMidas,0,6,6
TheKittleTeam,0,1,1
Theo,0,1,1
Thereal_Kolimba,0,1,1
Thibi,3,20,23
This is tom ☣️ (The dog of wall street),0,1,1
ThomasTheCryptoEngine,0,3,3
TimmyFiveTimes,0,1,1
ToTheMoon0008 ✨,0,1,1
Toell Nemesis,0,1,1
Tom Thomas,0,1,1
Tonmoy Panja,0,2,2
TopStockTips1,0,1,1
Top_promotion07,0,4,4
TradGPRO,1,4,5
TradeAnalyst963,0,1,1
TradeExpert485,0,1,1
Trader palash,0,1,1
Trader6T,0,1,1
Trades75699329,0,1,1
Trading GPro,36,39,75
TradingGpro,1,4,5
TradingMate,0,1,1
TrashPandaTv,0,1,1
TrenchXBT,0,1,1
TrendIsYourFrnd,1,2,3
TrillionarieMan,0,1,1
TrippIvey,0,2,2
Trump Chef,0,1,1
Trump Coin,0,2,2
Trump Support,0,1,1
Trump is retarded 2025,0,2,2
TrumpSucksCoin,0,7,7
Trumpchain,0,1,1
Trumpcoin,0,1,1
Trumpcoin___sol,0,1,1
TrumpyChocs,0,1,1
Tuba Ximun,0,3,3
Tuberoot,0,1,1
Tundra Cotton,0,1,1
TwilightCougar1,0,1,1
TylerSCrypto,0,1,1
Tyson J. Bernard,0,1,1
Tyson__Ben,0,1,1
Türk Oğlan 🇦🇿🇹🇷,0,2,2
UAP Czar Official Trump (Parody),0,8,8
UncoloredCrypto,0,1,1
UniqueBeing404,0,1,1
UniqueSmau,0,1,1
VICTORCRYPRT,0,1,1
Vanna Chenda,0,2,2
VdeGunzburg,0,1,1
VectRast Crypto,0,2,2
Veekaysssss,0,1,1
VerseUltra,0,1,1
VerticalDegen,0,1,1
VipRoseTr,0,1,1
Vivi DB,0,1,1
VladTheImpaIe,0,1,1
WALTER 🕸️ ™,0,1,1
WLife989889929,0,1,1
WRF240B,0,1,1
WaffenAutism,0,1,1
Walletxofficial,0,2,2
WarishK18714791,0,1,1
WeRCelestial,0,3,3
Web3Bugsie,0,1,1
Weiping92081911,0,1,1
Whale Radar,2,3,5
Whale Signals 🐳,27,38,65
Whale Watch Perps,0,2,2
Whale Watch by Moby,0,5,5
WhaleSpotting1,0,1,1
WhaleXBT,4,16,20
WhatupmyDog_BTC,0,1,1
WhispererWhale,0,1,1
WhiteRob713,0,1,1
William17171717,0,1,1
Williams96537,0,4,4
Winfree Steele,0,1,1
WisPoliticsGal,1,2,3
Woofmetax,0,1,1
WordsmithCrypto,0,1,1
Wreckmoney,0,1,1
XDeg3n,0,1,1
XRP Maxi,0,1,1
XTradesNexus,0,2,2
XYOPepe,0,3,3
YBmetaX,1,1,2
YazanXBT,0,1,1
YouLeYou1,0,1,1
Young Sauce Bucket,0,1,1
Yousstone766,0,1,1
Yukonjack351,0,1,1
ZUPRMARIO,0,1,1
Zach1740,0,1,1
Zee___Zee,0,1,1
ZeroBlocks_sol,0,1,1
Zhade,0,2,2
Zig🐐,0,1,1
Zofu Finance,0,2,2
ZoneCrypto,0,14,14
Zubedo,0,1,1
_BearGod,0,1,1
_CryptoPool_,0,1,1
_DEGECOIN,0,1,1
_Dayotafiq,0,1,1
_King39,0,1,1
_ZoneCrypto_,0,16,16
_georgebetz,0,1,1
_imagyn,0,1,1
_quantummint,0,1,1
aale_xander,0,3,3
adonisvill80290,0,1,1
adramelech1819,0,1,1
agentic_t,0,1,1
aggrmeme,0,1,1
agrahaparama,0,1,1
ai_PHILO,0,1,1
aikek_agent,0,1,1
aixbt,0,1,1
aixtn,0,3,3
akshayynft,0,1,1
akunix,0,1,1
alexisapearson,0,1,1
alhossin9097,0,1,1
allblackgat,0,1,1
aly369mo33n,0,1,1
amechi1635,0,1,1
amnandhakumar,0,1,1
andrew_robrt,1,4,5
andrino53447,1,2,3
andyrox88_2nd,0,1,1
annemarie_538,0,1,1
anonMiyagi,0,1,1
anthonymogilin,0,1,1
arya_rishab9598,0,1,1
asb prez,0,1,1
aswintresna1,0,1,1
ausgod_eth,0,1,1
auwal_husna,0,1,1
bankrbot,0,1,1
batra_animesh,0,4,4
beardedkage,0,1,1
beenstoned,1,1,2
berniem83236992,0,2,2
bethel_jarian,0,1,1
bilalhattar7716,0,1,1
bilalnst,0,1,1
biswas_s33,0,2,2
bitch ass nigga groyper,0,1,1
blacksheep06259,0,1,1
blockchainbob,0,1,1
bmsquamtum,1,6,7
bob_jahdiel,0,2,2
bohmapixels,0,1,1
boilerxyz,0,1,1
brandonbernicky,0,1,1
brsasygn,0,1,1
bullishretro,0,1,1
bungers_uk,0,1,1
buyafterme,0,1,1
cantdropp,0,1,1
caoquocdat84,0,1,1
cashgettoit,0,1,1
cexscan,0,3,3
chainbased_io,0,1,1
christian_5uu,0,1,1
cleveretoo,0,1,1
cmcal_bot,0,1,1
coberate,0,2,2
cognitivedissonanceeverywhere,0,1,1
conkofiy,0,1,1
copy_algo,0,1,1
craftbeerguy75,0,2,2
crptAtlas,0,1,1
cruyptoworld,0,1,1
crypto,0,4,4
crypto &NFT,0,4,4
crypto marketing,1,8,9
cryptoNewsUP25,0,1,1
crypto_brands,0,1,1
crypto_group929,0,1,1
crypto_n_more,0,1,1
crypto_nuclear,0,9,9
crypto_scams_,0,1,1
cryptoalertpro,0,1,1
cryptoalexreal,0,1,1
cryptoalphagg,0,1,1
cryptofoiler808,0,1,1
cryptofy01,0,1,1
cryptoh0lder,0,1,1
cryptois - SMI 🇲🇨,0,1,1
cryptojourney24,0,1,1
cryptojourneyrs,0,3,3
cryptokingpin22,0,1,1
cryptoline21,0,3,3
cryptos_kat,0,1,1
cryptosage26 (SAGE MODE),0,1,1
cryptovibes7011,0,16,16
cryptowalker07,0,2,2
cryptox_com,0,1,1
csai_agent,0,3,3
cypruscoinonsol,0,1,1
cytrohere,1,1,2
d3genchij,0,1,1
dailytalktrends,0,1,1
danbtc10,0,2,2
dannncrypto,0,1,1
darkvarderbz,0,1,1
darkweb068,0,2,2
david_evisonn,0,1,1
deadeyemetax,0,1,1
defigentai,0,1,1
denzelcanvas,0,1,1
derDurstige,0,1,1
devmetax,0,1,1
diffadave,0,1,1
digital_dan20,0,1,1
digitalatif,0,1,1
dipsybitsy,0,1,1
dividenddotcom,0,1,1
djthugshaker,0,1,1
dominic_ckk,1,2,3
draxmus,0,1,1
dreamworks2050,0,1,1
dromplabs,0,1,1
drphil11,0,2,2
dustfarmer_eth,0,2,2
edwardmartin88,0,1,1
elzie_garrett,0,1,1
encryptediphone,0,1,1
ensicrypto,0,1,1
eric81cav,0,1,1
eumarcoslacerda,0,1,1
exiledjimmy,0,1,1
fcktrumpcoin,0,3,3
filipeAdalbert,0,4,4
finedaddysoll,0,1,1
flatizyou,0,1,1
fokuskriptoo,0,1,1
frank_geor70788,1,13,14
future_AlexQ,0,2,2
futurebest234,0,1,1
fxjose054,0,1,1
gemmtten,0,1,1
gemxbt_agent,1,2,3
ggb2kk,0,1,1
ghibli20251,0,1,1
gkeateoya,0,1,1
glitch3sNFT,0,2,2
globallens360,0,1,1
golddarkmaga,0,2,2
goodnes58080041,0,1,1
gtgayoso,0,1,1
guapie13,0,2,2
halfmantuano,0,1,1
hansul .NYAN🔫😼,0,1,1
hedgeciti,0,1,1
helena_telesca,0,1,1
helloimthatdude,1,1,2
hellonearth247,0,2,2
henokcrypto,0,1,1
herculesrocksol,0,1,1
hunterofthehunter,0,1,1
iAmFAMZo,0,1,1
igcryptocave,0,2,2
im_sauvlat,0,1,1
india_shibinu,0,1,1
irish2020_,0,3,3
itismeFlex,0,1,1
itsArnz,0,1,1
itsPodle,0,1,1
itzgentuu_,0,5,5
iverbased,0,1,1
iwantlamboape,0,1,1
jamjen1011,0,1,1
jdorman81,0,2,2
jeffbroussely,0,1,1
jeremiahod,0,1,1
jho,0,1,1
jimmiybyte,0,1,1
jimmythecoach23,0,1,1
john10767_john,0,1,1
johnweb3adeo,1,3,4
jos817345718674,0,1,1
julieflamont,0,1,1
jun_bong_1,1,5,6
just_me_gil,0,1,1
justinSime36480,0,1,1
justintrumpSOL,0,1,1
ka_tty_9,0,1,1
kalispunk,0,1,1
kamionari🍀 commission open,0,3,3
kamtraders,0,1,1
karno_smm,0,1,1
kccypto,0,1,1
kdgt,0,1,1
keilahpjohana,0,1,1
kenny_pippin1,0,1,1
kevBaxton,0,1,1
kevinjacobse,0,1,1
kezmaticks,0,8,8
kirybusiness,0,1,1
kittyspinAI,1,1,2
kleo 🖐️,0,1,1
kleskenov,0,1,1
ks_thegreat_,0,4,4
kwantxbt,1,2,3
laeryzyrus3337,0,1,1
leikimiki,0,1,1
leomanfrini,0,1,1
leshka_eth,0,1,1
lfgpepe,0,1,1
lil rob 🇵🇸,0,2,2
lisboa_misael,0,1,1
lord jaja,0,1,1
lowfloating,1,1,2
ma_ma_toshi,0,1,1
mahon_web3,0,1,1
mamunmoral33,0,5,5
mansor4220,0,1,1
marestalea,0,1,1
mariushav,0,1,1
mark53356,0,1,1
martypartymusic,0,1,1
mary49375975391,0,1,1
mary_trish34397,0,1,1
masterylit,0,2,2
mathiasberneri,0,1,1
md_tanvir65695,0,1,1
mdmilon10329,0,1,1
me_IQR,0,1,1
melfoy_work,0,1,1
memeocracycoin,0,1,1
memfluencer,0,1,1
metadripwhales,1,4,5
metamante,0,1,1
metamogo,0,1,1
michaelloPoland,0,1,1
minitrumpsolana,0,3,3
mohd aazam,0,1,1
mondal_nay15457,1,6,7
moneyfoundeur,0,1,1
moochXBT,0,1,1
mozaiqbot,0,1,1
mrbobseller,0,1,1
mrpatrickschmitt,0,1,1
mrtaeight,0,1,1
mrxcryptotech,0,1,1
mshorty54,0,1,1
muhzainblog,0,1,1
munizchris,0,1,1
musaabd11058497,0,1,1
mustapha34679,0,1,1
n149111519,0,1,1
nabi_efendiev_,0,1,1
nadinejb12,0,2,2
nadirou,0,1,1
nakiBTC,1,6,7
narosshead,0,3,3
nobody,0,1,1
nomkhosi4,0,1,1
notEgoyard,0,1,1
nur islam❤️UXLINK🚀,0,1,1
nxusnetwork,0,1,1
officialrandyl,0,1,1
oftrumppardon,0,1,1
oleybecty,0,1,1
oliver_larsen12,1,2,3
orionishunter,0,1,1
osama_novara,0,2,2
overtone555,0,1,1
parcifap_defi,0,1,1
pat_the_dentist,0,1,1
patel56774,0,1,1
patrici72976052,0,1,1
pepemedicieth,0,1,1
pepemoonboy,0,1,1
philiphicks247,0,1,1
polivestor192,0,4,4
popecallseth,1,1,2
popeyeinthesea,0,1,1
princediab1o,0,1,1
puka_pako,0,1,1
pumphomies,0,1,1
quantiflow,0,1,1
rafale4434,0,1,1
rajeshbabu2007,0,1,1
rakhi mondal mondal,11,14,25
rakhimonda2225,0,6,6
random_videozz,1,2,3
rarazedy,0,1,1
rasgard,0,1,1
reactsimply,0,1,1
realAITrump47,0,1,1
real_jayendra,0,1,1
realfettiflow,2,2,4
revitalized1999,0,2,2
reyespeterrr24,0,1,1
rixzue,0,1,1
rizwafx6,0,1,1
robinofcrypto,0,1,1
rotslearners,0,1,1
rubidoooo,0,1,1
runduckyrun,0,1,1
runninshill,0,1,1
sachin,0,3,3
sagetoken44,0,1,1
samjudoist04,0,1,1
sanctus_crypto,0,1,1
sarah milady,0,1,1
saruhanbrothers,0,1,1
savant_game,0,1,1
sawab711,0,1,1
sbrowningmck,0,3,3
selim çekiç,0,1,1
ser_90stitan,0,1,1
sergiellobo,0,1,1
sergmi_eth,0,1,1
serious_not11,0,1,1
shani2187,0,1,1
shib_Moon88,0,1,1
shitcoinsAI,0,1,1
silky,0,2,2
simbagang0,0,1,1
smartwhales_,0,1,1
soldatthetop,0,1,1
steeler03742071,0,1,1
stillrichierich,0,1,1
stinkyPibert,0,1,1
stonksklub,1,1,2
streamsobored,0,1,1
subtardbtc,0,1,1
sujalsingh_x,0,1,1
surf laterena,0,1,1
tailinaros,0,3,3
tarun mondal,5,9,14
tarunmonda54820,1,6,7
tdkimber,0,1,1
thaigom2,0,1,1
theTradeOp,0,1,1
theeasterngen,0,1,1
thegaboeth,0,2,2
themattyverse,0,1,1
tienbm97,1,1,2
tinasheh_G,0,1,1
traderofalts,0,1,1
tradetariff,0,1,1
trietle,1,1,2
trump coin,0,1,1
trump-coin-yo,0,10,10
trump_cto,0,1,1
trumpcoin45th,0,1,1
trumpcoin804,0,1,1
trumpcoinzs,0,1,1
trumpdump_xyz,0,1,1
turki190001,0,1,1
tylerpromise3,0,1,1
umarkha01491227,0,1,1
utamadush,0,1,1
veemeta_x,0,1,1
visionbynoble,0,1,1
voice612230,0,1,1
vpon2,0,1,1
waaidmind,0,1,1
war_rengrieve,0,7,7
well,0,1,1
westerns1978,0,1,1
whalesignals_,34,36,70
whalewatchalert,3,4,7
whalewatchperps,0,2,2
williamfred107,0,14,14
willtobefree,1,1,2
woflercrypto,0,1,1
xcellancer_,0,1,1
xmediumrare,0,1,1
xxRevenger,0,1,1
yasmin8468,0,1,1
yetty6290192141,0,1,1
yoda,0,1,1
youfadedwealth,0,1,1
zimmah,0,1,1
zinner27,0,1,1
zsolt zsolt,0,1,1
СRYРТO NЕWS,0,4,4
اللّه بخش لاشاری,0,1,1
عبدالرشید,0,1,1
محمد عارف,0,1,1
ً.,0,1,1
ブルークジラが物語を語る！魅力的なニュース,0,1,1
王仙芝（源头）实卡接码,0,1,1
𝗙𝗔𝗡𝗧𝗔𝗦𝗬,0,1,1
🇺🇸,0,3,3
💰CryptoMemeWheel💵,0,1,1
📊 Experts Crypto Trading & Investment Channel,0,2,2
📊 Futures Crypto Trading Connects Channel,0,3,3
📊Futures experts Cryptocurrency Signal Channel,0,3,3
